{
  "feature_mean": [
    [
      926.68951,
      281.93008999999995,
      926.68951,
      281.93008999999995
    ]
  ],
  "feature_std": [
    [
      1.287027150312123,
      331.12099474861805,
      1.287027150312123,
      331.12099474861805
    ]
  ],
  "price_mean": 926.68951,
  "price_std": 1.287027150312123
}