{
  "feature_mean": [
    [
      102736.42008290047,
      117.13170146103896,
      102736.42008290047,
      117.13170146103896
    ]
  ],
  "feature_std": [
    [
      11849.808133107636,
      213.49516914035976,
      11849.808133107636,
      213.49516914035976
    ]
  ],
  "price_mean": 102736.42008290047,
  "price_std": 11849.808133107636
}