{
  "feature_mean": [
    [
      2.459463068873669,
      544029.9340880899,
      2.459463068873669,
      544029.9340880899
    ]
  ],
  "feature_std": [
    [
      0.40438016815833167,
      978243.8402113706,
      0.40438016815833167,
      978243.8402113706
    ]
  ],
  "price_mean": 2.459463068873669,
  "price_std": 0.40438016815833167
}