{
  "feature_mean": [
    [
      3235.70598,
      3196.116128,
      3235.70598,
      3196.116128
    ]
  ],
  "feature_std": [
    [
      52.33777335812401,
      7973.92468519301,
      52.33777335812401,
      7973.92468519301
    ]
  ],
  "price_mean": 3235.70598,
  "price_std": 52.33777335812401
}