{
  "feature_mean": [
    [
      0.12915517999999998,
      6140628.991,
      0.12915517999999998,
      6140628.991
    ]
  ],
  "feature_std": [
    [
      0.003887325650625763,
      23876004.79197528,
      0.003887325650625763,
      23876004.79197528
    ]
  ],
  "price_mean": 0.12915517999999998,
  "price_std": 0.003887325650625763
}