{
  "feature_mean": [
    [
      133.82181,
      8553.57736,
      133.82181,
      8553.57736
    ]
  ],
  "feature_std": [
    [
      0.4307897776361405,
      10286.964151430613,
      0.4307897776361405,
      10286.964151430613
    ]
  ],
  "price_mean": 133.82181,
  "price_std": 0.4307897776361405
}